meanNN,SDNN,RMSSD,SDSD,pnn50,pnn20,LF,HF,LF/HF
791.54427,148.0597639,34.36880096,34.36880086,0,0,0.929116331,2.331717007,0.398468737
